<?xml version="1.0" encoding="UTF-8" standalone="no"?><申請データ xmlns="http://www.denpa.soumu.go.jp/sinsei" xmlns:m="http://www.denpa.soumu.go.jp/sinsei/kousei">
<m:構成管理情報>
		<m:管理情報>
			<m:手続情報>
				<m:手続ID>D052</m:手続ID>
				<m:手続名称>アマチュア局申請</m:手続名称>
			</m:手続情報>
			<m:システム名称>総務省 電波利用 電子申請・届出システム</m:システム名称>
			<m:構成管理情報様式バージョン>0001</m:構成管理情報様式バージョン>
		</m:管理情報>
		<m:申請書属性情報>
			<m:申請書様式ID>101103</m:申請書様式ID>
			<m:申請書様式バージョン>0009</m:申請書様式バージョン>
			<m:申請書ファイル名称>sinsei.xml</m:申請書ファイル名称>
		</m:申請書属性情報>
		<m:添付書類属性情報>
			<m:添付書類種別/>
			<m:添付書類ファイル名称/>
			<m:ダイジェスト情報>
				<m:ダイジェストアルゴリズム/>
				<m:ダイジェスト値/>
			</m:ダイジェスト情報>
			<m:更新日時/>
			<m:ファイルサイズ/>
		</m:添付書類属性情報>
	</m:構成管理情報>
<申請書>
<申請事項>
			<宛先>A</宛先>
			<担当部課>1Z</担当部課>
			<申請区分>BA</申請区分>
			<無線局の種別>AT</無線局の種別>
		</申請事項>
<申請者等情報>
<団体_個人の別>3</団体_個人の別>
<社団名_クラブ名_又は氏名>総務　太郎</社団名_クラブ名_又は氏名>
<社団名_クラブ名_又は氏名フリガナ>ソウム　タロウ</社団名_クラブ名_又は氏名フリガナ>
<郵便番号>1008926</郵便番号>
<住所>
<都道府県_市区町村>
<都道府県>13</都道府県>
<市区町村>13101</市区町村>
</都道府県_市区町村>
<町_丁目>霞が関２－１－２</町_丁目>
</住所>
<電話番号>9999999999</電話番号>
<国籍/>
<代表者名/>
<代表者名フリガナ/>
<申請に関する連絡責任者>
<所属/>
<所属フリガナ/>
<氏名>総務　太郎</氏名>
<氏名フリガナ>ソウム　タロウ</氏名フリガナ>
<電話番号>9999999999</電話番号>
<電話番号補足/>
<電子メールアドレス>ja1qrz@jarl.com</電子メールアドレス>
</申請に関する連絡責任者>
</申請者等情報>
<代理人情報>
			<電子委任状有無/>
			<代理人情報明細>
				<代理種別/>
				<氏名又は名称/>
				<氏名又は名称フリガナ/>
				<郵便番号/>
				<住所>
					<都道府県_市区町村>
						<都道府県/>
						<市区町村/>
					</都道府県_市区町村>
					<町_丁目/>
				</住所>
				<電話番号/>
				<代表者役職名/>
				<代表者名/>
				<代表者名フリガナ/>
				<委任状情報>
					<委任状提出方法/>
					<委任状番号/>
				</委任状情報>
			</代理人情報明細>
		</代理人情報>
<欠格事由>2</欠格事由>
<変更の許可の申請又は届出>1</変更の許可の申請又は届出>
<添付書類_申請書>
			<書類種別/>
			<添付ファイル名/>
			<通信欄/>
		</添付書類_申請書>
<申請手数料>
			<無線局の種別>AT</無線局の種別>
			<局数>1</局数>
			<手数料_空中線電力/>
			<c.テレビジョン/>
			<手数料額>1950</手数料額>
			<手数料納付方法>1</手数料納付方法>
		</申請手数料>
<免許状受取方法>
<免許状受取区分>1</免許状受取区分>
<免許状送付先>
<郵便番号/>
<住所_免許状送付先>
<都道府県_市区町村>
<都道府県/>
<市区町村/>
</都道府県_市区町村>
<町_丁目/>
</住所_免許状送付先>
<電話番号/>
</免許状送付先>
</免許状受取方法>
<申請_届出事項登録>
			<申請_届出事項情報/>
		</申請_届出事項登録>
<希望する免許の有効期間>
<年号/>
<年/>
<月/>
<日/>
</希望する免許の有効期間>
<免許の年月日>
<年号>H</年号>
<年>31</年>
<月>01</月>
<日>01</日>
</免許の年月日>
<免許の番号>
<免許の番号地方部>関</免許の番号地方部>
<免許の番号区分>Ａ</免許の番号区分>
<免許の番号_連番部>123456</免許の番号_連番部>
</免許の番号>
<呼出符号/>
<備考>
<備考_入力欄/>
</備考>
<廃止情報>
<免許の番号>
				<免許の番号地方部/>
				<免許の番号区分/>
				<免許の番号_連番部/>
			</免許の番号>
<呼出符号/>
<廃止する年月日>
				<年号/>
				<年/>
				<月/>
				<日/>
			</廃止する年月日>
<廃止_備考/>
</廃止情報>
<事項書_工事設計書情報>
<無線局の種別等>
<無線局の種別/>
<免許の番号>
					<免許の番号地方部/>
					<免許の番号区分/>
					<免許の番号_連番部/>
				</免許の番号>
<無線局の数/>
<呼出符号/>
<工事落成の予定期日>
					<工事落成の予定期日_区分/>
					<日付指定>
						<年号/>
						<年/>
						<月/>
						<日/>
					</日付指定>
					<月目/>
					<日目/>
				</工事落成の予定期日>
</無線局の種別等>
<申請_届出_者名等>
<社団_個人の別/>
<氏名_姓名>
					<姓/>
					<名/>
				</氏名_姓名>
<氏名フリガナ_姓名>
					<姓フリガナ/>
					<名フリガナ/>
				</氏名フリガナ_姓名>
<社団_クラブ_名/>
<社団_クラブ_名フリガナ/>
<郵便番号/>
<住所>
<都道府県_市区町村>
<都道府県/>
<市区町村/>
</都道府県_市区町村>
<町_丁目/>
</住所>
<電話番号/>
<電話番号補足/>
<国籍/>
<代表者名_姓名>
					<姓/>
					<名/>
				</代表者名_姓名>
<代表者名フリガナ_姓名>
					<姓フリガナ/>
					<名フリガナ/>
				</代表者名フリガナ_姓名>
</申請_届出_者名等>
<目的等>
<無線従事者免許証の番号>
<c.施行規則第34条の8に規定する_外国政府の証明書/>
<番号>
						<上位1/>
						<下位1/>
					</番号>
<証明書による資格および取得国名/>
</無線従事者免許証の番号>
<無線局の目的/>
<通信事項/>
</目的等>
<設置場所等>
<無線設備の設置場所又は常置場所>
<住所>
<都道府県_市区町村>
<都道府県/>
<市区町村/>
</都道府県_市区町村>
<設置場所_町_丁目/>
</住所>
</無線設備の設置場所又は常置場所>
<移動範囲/>
</設置場所等>
<周波数>
				<周波数情報>
					<記号/>
					<電波の型式等情報>
						<占有周波数帯幅/>
						<電波の型式/>
					</電波の型式等情報>
					<周波数帯/>
					<空中線電力/>
				</周波数情報>
			</周波数>
<変更項目>
				<c.呼出符号/>
				<c.申請_届出_者名等/>
				<c.無線従事者免許証の番号/>
				<c.無線設備の設置場所又は常置場所/>
				<c.移動範囲/>
				<c.電波の型式並びに希望する周波数及び空中線電力/>
				<c.工事設計書/>
			</変更項目>
<備考>
<備考_呼出符号>
					<c.現にアマチュア局を開設しているときは_その呼出符号/>
					<c.過去にアマチュア局を開設していた場合であって_そのアマチュア局の廃止又は免許の有効期間満了の日から6ヶ月を経過していないときは_そのアマチュア局に指定されていた呼出符号/>
					<c.旧呼出符号希望/>
				</備考_呼出符号>
<その他_備考>
					<c.呼出符号の変更にともなう無線設備の設置_常置_場所の変更の場合は_免許の番号及び現に指定されている呼出符号/>
					<免許の番号>
						<免許の番号地方部/>
						<免許の番号区分/>
						<免許の番号_連番部/>
					</免許の番号>
				</その他_備考>
<呼出符号/>
<旧呼出符号希望/>
<備考_入力欄/>
<転出先地方局/>
</備考>
<工事設計1>
<装置の区別等>
<c.技術基準適合証明設備を使用/>
<装置の区別/>
<変更の種別/>
<技術基準適合証明番号/>
<発射可能な電波の型式及び周波数の範囲情報>
						<電波の型式等情報>
							<占有周波数帯幅/>
							<電波の型式/>
						</電波の型式等情報>
						<周波数帯/>
					</発射可能な電波の型式及び周波数の範囲情報>
</装置の区別等>
<変調方式>
					<電波の型式/>
					<変調方式_コード/>
					<変調方式_備考/>
				</変調方式>
<終段管>
					<名称個数情報>
						<終段管_名称/>
						<終段管_個数/>
					</名称個数情報>
					<電圧情報>
						<電圧/>
					</電圧情報>
				</終段管>
<定格出力>
					<定格出力値/>
				</定格出力>
<添付書類_工事設計書>
					<書類種別/>
					<添付ファイル名/>
					<通信欄/>
				</添付書類_工事設計書>
</工事設計1>
<工事設計2>
				<送信空中線の型式情報>
					<送信空中線の型式/>
				</送信空中線の型式情報>
				<周波数測定装置の有無/>
				<その他の工事設計/>
				<c.送信機系統図/>
			</工事設計2>
<添付書類>
				<書類種別/>
				<添付ファイル名/>
				<通信欄/>
			</添付書類>
</事項書_工事設計書情報>
<社団のアマチュア局の構成員情報>
<構成員情報>
<役職>
					<役職区分/>
					<役職_その他/>
					<c.役職_会長/>
				</役職>
<氏名/>
<氏名フリガナ/>
<郵便番号/>
<住所>
<都道府県_市区町村>
<都道府県/>
<市区町村/>
</都道府県_市区町村>
<町_丁目/>
</住所>
<略歴/>
<生年月日>
					<年号/>
					<年/>
					<月/>
					<日/>
				</生年月日>
<無線従事者免許証の番号>
<c.施行規則第34条の8に規定する_外国政府の証明書/>
<番号>
<上位1/>
<下位1/>
</番号>
<証明書による資格および取得国名/>
</無線従事者免許証の番号>
<備考_入力欄/>
</構成員情報>
<添付書類_定款等>
				<書類種別/>
				<添付ファイル名/>
				<通信欄/>
			</添付書類_定款等>
</社団のアマチュア局の構成員情報>
<電波利用料の前納の申出>
<前納_有無>1</前納_有無>
<前納に係る期間>
				<前納に係る期間区分>1</前納に係る期間区分>
				<年/>
			</前納に係る期間>
</電波利用料の前納の申出>
<電波利用料納入告知書送付先>
<c.記載を省略/>
<告知先情報>
<郵便番号/>
<住所>
<都道府県_市区町村>
<都道府県/>
<市区町村/>
</都道府県_市区町村>
<町_丁目/>
</住所>
<部署名/>
<部署名フリガナ/>
</告知先情報>
</電波利用料納入告知書送付先>
<事前チェック情報>
			<送信区分/>
		</事前チェック情報>
</申請書>
<Signature xmlns="http://www.w3.org/2000/09/xmldsig#">
		<SignedInfo>
			<CanonicalizationMethod Algorithm="http://www.w3.org/TR/2001/REC-xml-c14n-20010315"/>
			<SignatureMethod Algorithm="http://www.w3.org/2001/04/xmldsig-more#rsa-sha256"/>
			<Reference URI="">
				<Transforms>
					<Transform Algorithm="http://www.w3.org/2000/09/xmldsig#enveloped-signature"/>
				</Transforms>
				<DigestMethod Algorithm="http://www.w3.org/2001/04/xmlenc#sha256"/>
				<DigestValue/>
			</Reference>
		</SignedInfo>
		<SignatureValue/>
		<KeyInfo>
			<KeyValue>
				<RSAKeyValue>
					<Modulus/>
					<Exponent/>
				</RSAKeyValue>
			</KeyValue>
			<X509Data>
				<X509IssuerSerial>
					<X509IssuerName/>
					<X509SerialNumber/>
				</X509IssuerSerial>
				<X509SubjectName/>
				<X509Certificate/>
			</X509Data>
		</KeyInfo>
	</Signature>
</申請データ>